"0","df_dating <- read_csv(""https://diverse-data-hub.github.io/data/clean/hcmst.csv"")"
"0",""
"0","glimpse(df_dating)"
"1","Rows: 1,328"
"1",""
"1","
"
"1","Columns: 21"
"1",""
"1","
"
"1","$ subject_age                [3m[38;5;246m<dbl>[39m[23m 53[38;5;246m, [39m72[38;5;246m, [39m43[38;5;246m, [39m64[38;5;246m, [39m60[38;5;246m, [39m78[38;5;246m, [39m51[38;5;246m, [39m47[38;5;246m, [39m62[38;5;246m, [39m59[38;5;246m, [39m66[38;5;246m, [39m63[38;5;246m, [39m85[38;5;246m, [39m48[38;5;246m, [39m75[38;5;246m, [39m58[38;5;246m, [39m56[38;5;246m, [39m51[38;5;246m, [39m45[38;5;246m, [39m41[38;5;246m, [39m66[38;5;246m, [39m51[38;5;246m, [39m54[38;5;246m, [39m43[38;5;246m, [39m40[38;5;246m, [39m48[38;5;246m, [39m72[38;5;246m, [39m64[38;5;246m, [39m73[38;5;246m, [39m60[38;5;246m, [39m50[38;5;246m, [39m66[38;5;246m, [39m70[38;5;246m, [39m43[38;5;246m, [39m65[38;5;246m, [39m71[38;5;246m,[39m…
$ subject_education          [3m[38;5;246m<chr>[39m[23m ""high_school_grad""[38;5;246m, [39m""some_college""[38;5;246m, [39m""associate_degree""[38;5;246m, [39m""some_college""[38;5;246m, [39m""high_school_grad""[38;5;246m, [39m""high_school_grad""[38;5;246m, [39m""associate_degree""[38;5;246m, [39m""associate_…
$ subject_sex                [3m[38;5;246m<chr>[39m[23m ""female""[38;5;246m, [39m""female""[38;5;246m, [39m""male""[38;5;246m, [39m""male""[38;5;246m, [39m""female""[38;5;246m, [39m""female""[38;5;246m, [39m""male""[38;5;246m, [39m""male""[38;5;246m, [39m""female""[38;5;246m, [39m""female""[38;5;246m, [39m""female""[38;5;246m, [39m""male""[38;5;246m, [39m""female""[38;5;246m, [39m""female""[38;5;246m, [39m""female""[38;5;246m, [39m""fe…
$ subject_ethnicity          [3m[38;5;246m<chr>[39m[23m ""white""[38;5;246m, [39m""white""[38;5;246m, [39m""white""[38;5;246m, [39m""white""[38;5;246m, [39m""black""[38;5;246m, [39m""white""[38;5;246m, [39m""white""[38;5;246m, [39m""2_plus_eth""[38;5;246m, [39m""white""[38;5;246m, [39m""black""[38;5;246m, [39m""other""[38;5;246m, [39m""white""[38;5;246m, [39m""white""[38;5;246m, [39m""white""[38;5;246m, [39m""white""[38;5;246m, [39m""wh…
$ subject_income_category    [3m[38;5;246m<chr>[39m[23m ""35k_40k""[38;5;246m, [39m""75k_85k""[38;5;246m, [39m""75k_85k""[38;5;246m, [39m""75k_85k""[38;5;246m, [39m""75k_85k""[38;5;246m, [39m""50k_60k""[38;5;246m, [39m""40k_50k""[38;5;246m, [39m""30k_35k""[38;5;246m, [39m""40k_50k""[38;5;246m, [39m""40k_50k""[38;5;246m, [39m""150k_175k""[38;5;246m, [39m""85k_100k""[38;5;246m, [39m""60k_75k…
$ subject_employment_status  [3m[38;5;246m<chr>[39m[23m ""working_paid_employee""[38;5;246m, [39m""working_paid_employee""[38;5;246m, [39m""working_paid_employee""[38;5;246m, [39m""working_paid_employee""[38;5;246m, [39m""working_paid_employee""[38;5;246m, [39m""not_working_retir…
$ same_sex_couple            [3m[38;5;246m<chr>[39m[23m ""no""[38;5;246m, [39m""no""[38;5;246m, [39m""no""[38;5;246m, [39m""no""[38;5;246m, [39m""no""[38;5;246m, [39m""no""[38;5;246m, [39m""no""[38;5;246m, [39m""no""[38;5;246m, [39m""no""[38;5;246m, [39m""no""[38;5;246m, [39m""no""[38;5;246m, [39m""no""[38;5;246m, [39m""no""[38;5;246m, [39m""no""[38;5;246m, [39m""no""[38;5;246m, [39m""no""[38;5;246m, [39m""no""[38;5;246m, [39m""no""[38;5;246m, [39m""no""[38;5;246m, [39m""no""[38;5;246m, [39m""no""[38;5;246m, [39m""no""[38;5;246m, [39m""no""[38;5;246m, [39m""no""[38;5;246m,[39m…
$ married                    [3m[38;5;246m<chr>[39m[23m ""not_married""[38;5;246m, [39m""married""[38;5;246m, [39m""married""[38;5;246m, [39m""married""[38;5;246m, [39m""married""[38;5;246m, [39m""married""[38;5;246m, [39m""married""[38;5;246m, [39m""married""[38;5;246m, [39m""not_married""[38;5;246m, [39m""married""[38;5;246m, [39m""married""[38;5;246m, [39m""married""[38;5;246m, [39m""ma…
$ sex_frequency              [3m[38;5;246m<chr>[39m[23m ""once_or_twice_a_week""[38;5;246m, [39m""once_a_month_or_less""[38;5;246m, [39m""once_or_twice_a_week""[38;5;246m, [39m""once_or_twice_a_week""[38;5;246m, [39m""once_or_twice_a_week""[38;5;246m, [39m""once_a_month_or_less""[38;5;246m,[39m…
$ flirts_with_partner        [3m[38;5;246m<chr>[39m[23m ""a_few_times_a_week""[38;5;246m, [39m""never""[38;5;246m, [39m""a_few_times_a_week""[38;5;246m, [39m""1_to_3_times_a_month""[38;5;246m, [39m""a_few_times_a_week""[38;5;246m, [39m""less_than_once_a_month""[38;5;246m, [39m""a_few_times_a_wee…
$ fights_with_partner        [3m[38;5;246m<chr>[39m[23m ""0_times""[38;5;246m, [39m""7_or_more_times""[38;5;246m, [39m""2_times""[38;5;246m, [39m""0_times""[38;5;246m, [39m""0_times""[38;5;246m, [39m""1_time""[38;5;246m, [39m""1_time""[38;5;246m, [39m""1_time""[38;5;246m, [39m""0_times""[38;5;246m, [39m""0_times""[38;5;246m, [39m""1_time""[38;5;246m, [39m""1_time""[38;5;246m, [39m""0_times…
$ relationship_duration      [3m[38;5;246m<dbl>[39m[23m 1.5000000[38;5;246m, [39m57.4166679[38;5;246m, [39m22.3333340[38;5;246m, [39m28.2500000[38;5;246m, [39m38.9166679[38;5;246m, [39m28.4166660[38;5;246m, [39m25.7500000[38;5;246m, [39m21.0833340[38;5;246m, [39m8.0833330[38;5;246m, [39m34.5000000[38;5;246m, [39m33.5833321[38;5;246m, [39m31.5000000[38;5;246m, [39m6…
$ children                   [3m[38;5;246m<dbl>[39m[23m 2[38;5;246m, [39m1[38;5;246m, [39m5[38;5;246m, [39m2[38;5;246m, [39m3[38;5;246m, [39m2[38;5;246m, [39m3[38;5;246m, [39m2[38;5;246m, [39m2[38;5;246m, [39m2[38;5;246m, [39m2[38;5;246m, [39m2[38;5;246m, [39m2[38;5;246m, [39m2[38;5;246m, [39m1[38;5;246m, [39m4[38;5;246m, [39m2[38;5;246m, [39m1[38;5;246m, [39m5[38;5;246m, [39m3[38;5;246m, [39m2[38;5;246m, [39m5[38;5;246m, [39m2[38;5;246m, [39m4[38;5;246m, [39m6[38;5;246m, [39m1[38;5;246m, [39m1[38;5;246m, [39m2[38;5;246m, [39m3[38;5;246m, [39m3[38;5;246m, [39m1[38;5;246m, [39m3[38;5;246m, [39m2[38;5;246m, [39m2[38;5;246m, [39m2[38;5;246m, [39m2[38;5;246m, [39m2[38;5;246m, [39m3[38;5;246m, [39m3[38;5;246m, [39m2[38;5;246m, [39m1[38;5;246m, [39m2[38;5;246m, [39m4[38;5;246m, [39m3[38;5;246m, [39m2[38;5;246m, [39m4[38;5;246m, [39m2[38;5;246m, [39m2[38;5;246m,[39m…
$ rel_change_during_pandemic [3m[38;5;246m<chr>[39m[23m ""better_than_before""[38;5;246m, [39m""no_change""[38;5;246m, [39m""no_change""[38;5;246m, [39m""no_change""[38;5;246m, [39m""better_than_before""[38;5;246m, [39m""no_change""[38;5;246m, [39m""no_change""[38;5;246m, [39m""no_change""[38;5;246m, [39m""no_change""[38;5;246m, [39m""no_chan…
$ inc_change_during_pandemic [3m[38;5;246m<chr>[39m[23m ""no_change""[38;5;246m, [39m""worse""[38;5;246m, [39m""worse""[38;5;246m, [39m""no_change""[38;5;246m, [39m""no_change""[38;5;246m, [39m""no_change""[38;5;246m, [39m""much_worse""[38;5;246m, [39m""worse""[38;5;246m, [39m""much_worse""[38;5;246m, [39m""worse""[38;5;246m, [39m""no_change""[38;5;246m, [39m""worse""[38;5;246m, [39m""no_c…
$ subject_had_covid          [3m[38;5;246m<chr>[39m[23m ""no""[38;5;246m, [39m""no""[38;5;246m, [39m""no""[38;5;246m, [39m""no""[38;5;246m, [39m""no""[38;5;246m, [39m""no""[38;5;246m, [39m""no""[38;5;246m, [39m""no""[38;5;246m, [39m""no""[38;5;246m, [39m""no""[38;5;246m, [39m""no""[38;5;246m, [39m""no""[38;5;246m, [39m""no""[38;5;246m, [39m""yes""[38;5;246m, [39m""yes""[38;5;246m, [39m""no""[38;5;246m, [39m""yes""[38;5;246m, [39m""no""[38;5;246m, [39m""no""[38;5;246m, [39m""yes""[38;5;246m, [39m""yes""[38;5;246m, [39m""no""[38;5;246m, [39m""no""[38;5;246m, [39m…
$ partner_had_covid          [3m[38;5;246m<chr>[39m[23m ""yes""[38;5;246m, [39m""no""[38;5;246m, [39m""no""[38;5;246m, [39m""no""[38;5;246m, [39m""no""[38;5;246m, [39m""no""[38;5;246m, [39m""no""[38;5;246m, [39m""yes""[38;5;246m, [39m""no""[38;5;246m, [39m""no""[38;5;246m, [39m""no""[38;5;246m, [39m""yes""[38;5;246m, [39m""no""[38;5;246m, [39m""no""[38;5;246m, [39m""no""[38;5;246m, [39m""yes""[38;5;246m, [39m""no""[38;5;246m, [39m""no""[38;5;246m, [39m""no""[38;5;246m, [39m""yes""[38;5;246m, [39m""no""[38;5;246m, [39m""no""[38;5;246m, [39m""yes""[38;5;246m,[39m…
$ subject_vaccinated         [3m[38;5;246m<chr>[39m[23m ""not_vaccinated""[38;5;246m, [39m""fully_vaccinated_and_booster""[38;5;246m, [39m""fully_vaccinated_and_booster""[38;5;246m, [39m""fully_vaccinated_and_booster""[38;5;246m, [39m""not_vaccinated""[38;5;246m, [39m""fully_vacc…
$ partner_vaccinated         [3m[38;5;246m<chr>[39m[23m ""not_vaccinated""[38;5;246m, [39m""fully_vaccinated_and_booster""[38;5;246m, [39m""fully_vaccinated_and_booster""[38;5;246m, [39m""fully_vaccinated_and_booster""[38;5;246m, [39m""partially_vaccinated""[38;5;246m, [39m""full…
$ agree_covid_approach       [3m[38;5;246m<chr>[39m[23m ""completely_agree""[38;5;246m, [39m""mostly_agree""[38;5;246m, [39m""completely_agree""[38;5;246m, [39m""completely_agree""[38;5;246m, [39m""completely_agree""[38;5;246m, [39m""completely_agree""[38;5;246m, [39m""completely_agree""[38;5;246m, [39m""mostly…
$ relationship_quality       [3m[38;5;246m<chr>[39m[23m ""excellent""[38;5;246m, [39m""good""[38;5;246m, [39m""excellent""[38;5;246m, [39m""good""[38;5;246m, [39m""excellent""[38;5;246m, [39m""excellent""[38;5;246m, [39m""good""[38;5;246m, [39m""poor""[38;5;246m, [39m""excellent""[38;5;246m, [39m""good""[38;5;246m, [39m""excellent""[38;5;246m, [39m""fair""[38;5;246m, [39m""excellent""[38;5;246m, [39m""goo…"
"1",""
"1","
"
