"0","df_stone <- read_csv(""C:\\Users\\Max Woest\\OneDrive - Baylor University\\Documents\\r class\\Assignments\\MiniDataAnalysis1\\dat\\RollingStone500.csv"")"
"0","glimpse(df_stone)"
"1","Rows: 691"
"1",""
"1","
"
"1","Columns: 26"
"1",""
"1","
"
"1","$ `Sort Name`                             [3m[38;5;246m<chr>[39m[23m ""Sinatra, Frank""[38;5;246m, [39m""Diddley, Bo""[38;5;246m, [39m""Presley, Elvis""[38;5;246m, [39m""Sinatra, Frank""[38;5;246m, [39m""Little Richard""[38;5;246m, [39m""Beyonce""[38;5;246m, [39m""Winehouse, Amy""[38;5;246m, [39m""Crickets""[38;5;246m, [39m""B…
$ `Clean Name`                            [3m[38;5;246m<chr>[39m[23m ""Frank Sinatra""[38;5;246m, [39m""Bo Diddley""[38;5;246m, [39m""Elvis Presley""[38;5;246m, [39m""Frank Sinatra""[38;5;246m, [39m""Little Richard""[38;5;246m, [39m""Beyonce""[38;5;246m, [39m""Amy Winehouse""[38;5;246m, [39m""Buddy Holly""[38;5;246m, [39m""Kat…
$ Album                                   [3m[38;5;246m<chr>[39m[23m ""In the Wee Small Hours""[38;5;246m, [39m""Bo Diddley / Go Bo Diddley""[38;5;246m, [39m""Elvis Presley""[38;5;246m, [39m""Songs for Swingin' Lovers!""[38;5;246m, [39m""Here's Little Richard""[38;5;246m, [39m""L…
$ `2003 Rank Old`                         [3m[38;5;246m<dbl>[39m[23m 101[38;5;246m, [39m212[38;5;246m, [39m56[38;5;246m, [39m302[38;5;246m, [39m50[38;5;246m, [39m[31mNA[39m[38;5;246m, [39m[31mNA[39m[38;5;246m, [39m415[38;5;246m, [39m[31mNA[39m[38;5;246m, [39m12[38;5;246m, [39m103[38;5;246m, [39m[31mNA[39m[38;5;246m, [39m243[38;5;246m, [39m[31mNA[39m[38;5;246m, [39m[31mNA[39m[38;5;246m, [39m153[38;5;246m, [39m[31mNA[39m[38;5;246m, [39m[31mNA[39m[38;5;246m, [39m260[38;5;246m, [39m[31mNA[39m[38;5;246m, [39m118[38;5;246m, [39m[31mNA[39m[38;5;246m, [39m[31mNA[39m[38;5;246m, [39m344[38;5;246m, [39m352[38;5;246m, [39m[31mNA[39m[38;5;246m, [39m[31mNA[39m[38;5;246m, [39m[31mNA[39m[38;5;246m, [39m[31mNA[39m[38;5;246m, [39m213…
$ `2003 Rank`                             [3m[38;5;246m<dbl>[39m[23m 100[38;5;246m, [39m214[38;5;246m, [39m55[38;5;246m, [39m306[38;5;246m, [39m50[38;5;246m, [39m[31mNA[39m[38;5;246m, [39m[31mNA[39m[38;5;246m, [39m421[38;5;246m, [39m[31mNA[39m[38;5;246m, [39m12[38;5;246m, [39m102[38;5;246m, [39m[31mNA[39m[38;5;246m, [39m246[38;5;246m, [39m[31mNA[39m[38;5;246m, [39m[31mNA[39m[38;5;246m, [39m153[38;5;246m, [39m[31mNA[39m[38;5;246m, [39m[31mNA[39m[38;5;246m, [39m263[38;5;246m, [39m[31mNA[39m[38;5;246m, [39m116[38;5;246m, [39m[31mNA[39m[38;5;246m, [39m[31mNA[39m[38;5;246m, [39m348[38;5;246m, [39m356[38;5;246m, [39m[31mNA[39m[38;5;246m, [39m[31mNA[39m[38;5;246m, [39m27[38;5;246m, [39m[31mNA[39m[38;5;246m, [39m215…
$ `2012 Rank`                             [3m[38;5;246m<dbl>[39m[23m 101[38;5;246m, [39m216[38;5;246m, [39m56[38;5;246m, [39m308[38;5;246m, [39m50[38;5;246m, [39m[31mNA[39m[38;5;246m, [39m451[38;5;246m, [39m420[38;5;246m, [39m[31mNA[39m[38;5;246m, [39m12[38;5;246m, [39m103[38;5;246m, [39m[31mNA[39m[38;5;246m, [39m248[38;5;246m, [39m[31mNA[39m[38;5;246m, [39m[31mNA[39m[38;5;246m, [39m154[38;5;246m, [39m[31mNA[39m[38;5;246m, [39m[31mNA[39m[38;5;246m, [39m265[38;5;246m, [39m[31mNA[39m[38;5;246m, [39m119[38;5;246m, [39m[31mNA[39m[38;5;246m, [39m[31mNA[39m[38;5;246m, [39m348[38;5;246m, [39m358[38;5;246m, [39m[31mNA[39m[38;5;246m, [39m[31mNA[39m[38;5;246m, [39m[31mNA[39m[38;5;246m, [39m272[38;5;246m, [39m2…
$ `2020 Rank`                             [3m[38;5;246m<dbl>[39m[23m 282[38;5;246m, [39m455[38;5;246m, [39m332[38;5;246m, [39m[31mNA[39m[38;5;246m, [39m227[38;5;246m, [39m32[38;5;246m, [39m33[38;5;246m, [39m[31mNA[39m[38;5;246m, [39m68[38;5;246m, [39m31[38;5;246m, [39m232[38;5;246m, [39m81[38;5;246m, [39m417[38;5;246m, [39m89[38;5;246m, [39m93[38;5;246m, [39m477[38;5;246m, [39m99[38;5;246m, [39m108[38;5;246m, [39m[31mNA[39m[38;5;246m, [39m111[38;5;246m, [39m191[38;5;246m, [39m133[38;5;246m, [39m137[38;5;246m, [39m[31mNA[39m[38;5;246m, [39m[31mNA[39m[38;5;246m, [39m154[38;5;246m, [39m158[38;5;246m, [39m374[38;5;246m, [39m189…
$ `2020-2003 Differential`                [3m[38;5;246m<dbl>[39m[23m -182[38;5;246m, [39m-241[38;5;246m, [39m-277[38;5;246m, [39m-195[38;5;246m, [39m-177[38;5;246m, [39m469[38;5;246m, [39m468[38;5;246m, [39m-80[38;5;246m, [39m433[38;5;246m, [39m-19[38;5;246m, [39m-130[38;5;246m, [39m420[38;5;246m, [39m-171[38;5;246m, [39m412[38;5;246m, [39m408[38;5;246m, [39m-324[38;5;246m, [39m402[38;5;246m, [39m393[38;5;246m, [39m-238[38;5;246m, [39m390[38;5;246m, [39m-75[38;5;246m, [39m368[38;5;246m, [39m364[38;5;246m, [39m-153[38;5;246m, [39m…
$ `Release Year`                          [3m[38;5;246m<dbl>[39m[23m 1955[38;5;246m, [39m1955[38;5;246m, [39m1956[38;5;246m, [39m1956[38;5;246m, [39m1957[38;5;246m, [39m2016[38;5;246m, [39m2006[38;5;246m, [39m1957[38;5;246m, [39m1985[38;5;246m, [39m1959[38;5;246m, [39m1959[38;5;246m, [39m2013[38;5;246m, [39m1959[38;5;246m, [39m1997[38;5;246m, [39m1997[38;5;246m, [39m1959[38;5;246m, [39m2012[38;5;246m, [39m1999[38;5;246m, [39m1959[38;5;246m, [39m1986[38;5;246m, [39m1960[38;5;246m, [39m1976…
$ `Album Genre`                           [3m[38;5;246m<chr>[39m[23m ""Big Band/Jazz""[38;5;246m, [39m""Rock n' Roll/Rhythm & Blues""[38;5;246m, [39m""Rock n' Roll/Rhythm & Blues""[38;5;246m, [39m""Big Band/Jazz""[38;5;246m, [39m[31mNA[39m[38;5;246m, [39m[31mNA[39m[38;5;246m, [39m""Soul/Gospel/R&B""[38;5;246m, [39m""Rock n…
$ `Album Type`                            [3m[38;5;246m<chr>[39m[23m ""Studio""[38;5;246m, [39m""Studio""[38;5;246m, [39m""Studio""[38;5;246m, [39m""Studio""[38;5;246m, [39m""Studio""[38;5;246m, [39m""Studio""[38;5;246m, [39m""Studio""[38;5;246m, [39m""Studio""[38;5;246m, [39m""Studio""[38;5;246m, [39m""Studio""[38;5;246m, [39m""Studio""[38;5;246m, [39m""Studio""[38;5;246m, [39m""Studio""[38;5;246m, [39m…
$ `Wks on Billboard`                      [3m[38;5;246m<chr>[39m[23m ""14""[38;5;246m, [39m""-""[38;5;246m, [39m""100""[38;5;246m, [39m""?""[38;5;246m, [39m""5""[38;5;246m, [39m""87""[38;5;246m, [39m""173""[38;5;246m, [39m""-""[38;5;246m, [39m""27""[38;5;246m, [39m""-""[38;5;246m, [39m""-""[38;5;246m, [39m""186""[38;5;246m, [39m""-""[38;5;246m, [39m""58""[38;5;246m, [39m""37""[38;5;246m, [39m""-""[38;5;246m, [39m""185""[38;5;246m, [39m""20""[38;5;246m, [39m""-""[38;5;246m, [39m""106""[38;5;246m, [39m""-""[38;5;246m, [39m""18""[38;5;246m, [39m""58…
$ `Peak Billboard Position`               [3m[38;5;246m<dbl>[39m[23m 2[38;5;246m, [39m201[38;5;246m, [39m1[38;5;246m, [39m2[38;5;246m, [39m13[38;5;246m, [39m1[38;5;246m, [39m2[38;5;246m, [39m201[38;5;246m, [39m30[38;5;246m, [39m201[38;5;246m, [39m201[38;5;246m, [39m1[38;5;246m, [39m201[38;5;246m, [39m2[38;5;246m, [39m3[38;5;246m, [39m201[38;5;246m, [39m1[38;5;246m, [39m13[38;5;246m, [39m17[38;5;246m, [39m1[38;5;246m, [39m201[38;5;246m, [39m13[38;5;246m, [39m1[38;5;246m, [39m201[38;5;246m, [39m201[38;5;246m, [39m7[38;5;246m, [39m11[38;5;246m, [39m201[38;5;246m, [39m201[38;5;246m, [39m201[38;5;246m, [39m142[38;5;246m, [39m5[38;5;246m, [39m28…
$ `Spotify Popularity`                    [3m[38;5;246m<chr>[39m[23m ""48""[38;5;246m, [39m""50""[38;5;246m, [39m""58""[38;5;246m, [39m""62""[38;5;246m, [39m""64""[38;5;246m, [39m""73""[38;5;246m, [39m""67""[38;5;246m, [39m""47""[38;5;246m, [39m""75""[38;5;246m, [39m""52""[38;5;246m, [39m""36""[38;5;246m, [39m""75""[38;5;246m, [39m""34""[38;5;246m, [39m""67""[38;5;246m, [39m""53""[38;5;246m, [39m""53""[38;5;246m, [39m""62""[38;5;246m, [39m""64""[38;5;246m, [39m""52""[38;5;246m, [39m""54""[38;5;246m, [39m""75""[38;5;246m, [39m""Not…
$ `Spotify URI`                           [3m[38;5;246m<chr>[39m[23m ""spotify:album:3GmwKB1tgPZgXeRJZSm9WX""[38;5;246m, [39m""spotify:album:1cbtDEwxCjMhglb49OgNBR""[38;5;246m, [39m""spotify:album:7GXP5OhYyPVLmcVfO9Iqin""[38;5;246m, [39m""spotify:a…
$ `Chartmetric Link`                      [3m[38;5;246m<chr>[39m[23m ""https://app.chartmetric.com/album/3115110/about""[38;5;246m, [39m""https://app.chartmetric.com/album/4137525/about""[38;5;246m, [39m""https://app.chartmetric.com…
$ `Artist Member Count`                   [3m[38;5;246m<chr>[39m[23m ""1""[38;5;246m, [39m""1""[38;5;246m, [39m""1""[38;5;246m, [39m""1""[38;5;246m, [39m""1""[38;5;246m, [39m""1""[38;5;246m, [39m""1""[38;5;246m, [39m""4""[38;5;246m, [39m""1""[38;5;246m, [39m""1""[38;5;246m, [39m""1""[38;5;246m, [39m""1""[38;5;246m, [39m""1""[38;5;246m, [39m""1""[38;5;246m, [39m""1""[38;5;246m, [39m""1""[38;5;246m, [39m""1""[38;5;246m, [39m""1""[38;5;246m, [39m""1""[38;5;246m, [39m""1""[38;5;246m, [39m""1""[38;5;246m, [39m""1""[38;5;246m, [39m""1""[38;5;246m, [39m""1""[38;5;246m, [39m""1""[38;5;246m, [39m""1""[38;5;246m, [39m…
$ `Artist Gender`                         [3m[38;5;246m<chr>[39m[23m ""Male""[38;5;246m, [39m""Male""[38;5;246m, [39m""Male""[38;5;246m, [39m""Male""[38;5;246m, [39m""Male""[38;5;246m, [39m""Female""[38;5;246m, [39m""Female""[38;5;246m, [39m""Male""[38;5;246m, [39m""Female""[38;5;246m, [39m""Male""[38;5;246m, [39m""Male""[38;5;246m, [39m""Female""[38;5;246m, [39m""Male""[38;5;246m, [39m""Female""[38;5;246m, [39m""Female""…
$ `Artist Birth Year Sum`                 [3m[38;5;246m<chr>[39m[23m ""1915""[38;5;246m, [39m""1928""[38;5;246m, [39m""1935""[38;5;246m, [39m""1915""[38;5;246m, [39m""1932""[38;5;246m, [39m""1981""[38;5;246m, [39m""1983""[38;5;246m, [39m""7752""[38;5;246m, [39m""1958""[38;5;246m, [39m""1926""[38;5;246m, [39m""1926""[38;5;246m, [39m""1981""[38;5;246m, [39m""1930""[38;5;246m, [39m""1971""[38;5;246m, [39m""1971""[38;5;246m, [39m""1910""[38;5;246m, [39m""1…
$ `Debut Album Release Year`              [3m[38;5;246m<chr>[39m[23m ""1946""[38;5;246m, [39m""1955""[38;5;246m, [39m""1956""[38;5;246m, [39m""1946""[38;5;246m, [39m""1957""[38;5;246m, [39m""2003""[38;5;246m, [39m""2003""[38;5;246m, [39m""1957""[38;5;246m, [39m""1978""[38;5;246m, [39m""1951""[38;5;246m, [39m""1957""[38;5;246m, [39m""2003""[38;5;246m, [39m""1958""[38;5;246m, [39m""1997""[38;5;246m, [39m""1997""[38;5;246m, [39m""1959""[38;5;246m, [39m""2…
$ `Avg. Age at Top 500 Album`             [3m[38;5;246m<chr>[39m[23m ""40""[38;5;246m, [39m""27""[38;5;246m, [39m""21""[38;5;246m, [39m""41""[38;5;246m, [39m""25""[38;5;246m, [39m""35""[38;5;246m, [39m""23""[38;5;246m, [39m""19""[38;5;246m, [39m""27""[38;5;246m, [39m""33""[38;5;246m, [39m""33""[38;5;246m, [39m""32""[38;5;246m, [39m""29""[38;5;246m, [39m""26""[38;5;246m, [39m""26""[38;5;246m, [39m""49""[38;5;246m, [39m""23""[38;5;246m, [39m""22""[38;5;246m, [39m""29""[38;5;246m, [39m""20""[38;5;246m, [39m""22""[38;5;246m, [39m""33""…
$ `Years Between Debut and Top 500 Album` [3m[38;5;246m<chr>[39m[23m ""9""[38;5;246m, [39m""0""[38;5;246m, [39m""0""[38;5;246m, [39m""10""[38;5;246m, [39m""0""[38;5;246m, [39m""13""[38;5;246m, [39m""3""[38;5;246m, [39m""0""[38;5;246m, [39m""7""[38;5;246m, [39m""8""[38;5;246m, [39m""2""[38;5;246m, [39m""10""[38;5;246m, [39m""1""[38;5;246m, [39m""0""[38;5;246m, [39m""0""[38;5;246m, [39m""0""[38;5;246m, [39m""6""[38;5;246m, [39m""3""[38;5;246m, [39m""10""[38;5;246m, [39m""4""[38;5;246m, [39m""0""[38;5;246m, [39m""8""[38;5;246m, [39m""3""[38;5;246m, [39m""13""[38;5;246m, [39m""9""[38;5;246m, [39m…
$ `Album ID`                              [3m[38;5;246m<chr>[39m[23m ""3GmwKB1tgPZgXeRJZSm9WX""[38;5;246m, [39m""1cbtDEwxCjMhglb49OgNBR""[38;5;246m, [39m""7GXP5OhYyPVLmcVfO9Iqin""[38;5;246m, [39m""4kca7vXd1Wo5GE2DMafvMc""[38;5;246m, [39m""18tV6PLXYvVjsdOVk0S7M8""[38;5;246m, [39m…
$ `Album ID Quoted`                       [3m[38;5;246m<chr>[39m[23m ""\""3GmwKB1tgPZgXeRJZSm9WX\"",""[38;5;246m, [39m""\""1cbtDEwxCjMhglb49OgNBR\"",""[38;5;246m, [39m""\""7GXP5OhYyPVLmcVfO9Iqin\"",""[38;5;246m, [39m""\""4kca7vXd1Wo5GE2DMafvMc\"",""[38;5;246m, [39m""\""18t…
$ ...25                                   [3m[38;5;246m<chr>[39m[23m [31mNA[39m[38;5;246m, [39m[31mNA[39m[38;5;246m, [39m[31mNA[39m[38;5;246m, [39m[31mNA[39m[38;5;246m, [39m[31mNA[39m[38;5;246m, [39m[31mNA[39m[38;5;246m, [39m[31mNA[39m[38;5;246m, [39m[31mNA[39m[38;5;246m, [39m[31mNA[39m[38;5;246m, [39m[31mNA[39m[38;5;246m, [39m[31mNA[39m[38;5;246m, [39m[31mNA[39m[38;5;246m, [39m[31mNA[39m[38;5;246m, [39m[31mNA[39m[38;5;246m, [39m[31mNA[39m[38;5;246m, [39m[31mNA[39m[38;5;246m, [39m[31mNA[39m[38;5;246m, [39m[31mNA[39m[38;5;246m, [39m[31mNA[39m[38;5;246m, [39m[31mNA[39m[38;5;246m, [39m[31mNA[39m[38;5;246m, [39m[31mNA[39m[38;5;246m, [39m[31mNA[39m[38;5;246m, [39m[31mNA[39m[38;5;246m, [39m[31mNA[39m[38;5;246m, [39m[31mNA[39m[38;5;246m, [39m[31mNA[39m[38;5;246m, [39m[31mNA[39m[38;5;246m, [39m[31mNA[39m[38;5;246m, [39m[31mNA[39m[38;5;246m, [39m[31mNA[39m[38;5;246m, [39m[31mNA[39m[38;5;246m, [39m[31mNA[39m…
$ ...26                                   [3m[38;5;246m<chr>[39m[23m [31mNA[39m[38;5;246m, [39m[31mNA[39m[38;5;246m, [39m[31mNA[39m[38;5;246m, [39m[31mNA[39m[38;5;246m, [39m[31mNA[39m[38;5;246m, [39m[31mNA[39m[38;5;246m, [39m[31mNA[39m[38;5;246m, [39m[31mNA[39m[38;5;246m, [39m[31mNA[39m[38;5;246m, [39m[31mNA[39m[38;5;246m, [39m[31mNA[39m[38;5;246m, [39m[31mNA[39m[38;5;246m, [39m[31mNA[39m[38;5;246m, [39m[31mNA[39m[38;5;246m, [39m[31mNA[39m[38;5;246m, [39m[31mNA[39m[38;5;246m, [39m[31mNA[39m[38;5;246m, [39m[31mNA[39m[38;5;246m, [39m[31mNA[39m[38;5;246m, [39m[31mNA[39m[38;5;246m, [39m[31mNA[39m[38;5;246m, [39m[31mNA[39m[38;5;246m, [39m[31mNA[39m[38;5;246m, [39m[31mNA[39m[38;5;246m, [39m[31mNA[39m[38;5;246m, [39m[31mNA[39m[38;5;246m, [39m[31mNA[39m[38;5;246m, [39m[31mNA[39m[38;5;246m, [39m[31mNA[39m[38;5;246m, [39m[31mNA[39m[38;5;246m, [39m[31mNA[39m[38;5;246m, [39m[31mNA[39m[38;5;246m, [39m[31mNA[39m…"
"1",""
"1","
"
